{
    "Grade1":0.0208633718,
    "Grade2":0.0162261148,
    "Grade3":0.0218499102,
    "Grade4":0.0112812016,
    "Grade5":0.0165616684,
    "Grade6":0.0105744221
}