{
    "Inv_Length":{
        "Grade1":18313.0285714286,
        "Grade2":16370.7073170732,
        "Grade3":13708.5106382979,
        "Grade4":13765.0133333333,
        "Grade5":21271.0,
        "Grade6":18182.9672131148
    },
    "Inv_Weight":{
        "Grade1":2354.7571428571,
        "Grade2":3334.1951219512,
        "Grade3":2567.1117021277,
        "Grade4":3320.9666666667,
        "Grade5":2866.7272727273,
        "Grade6":3305.0819672131
    }
}