{
    "Grade1":0.17866100370883942,
    "Grade2":-0.03569437935948372,
    "Grade3":0.36742767691612244,
    "Grade4":0.2192670702934265,
    "Grade5":0.12463095039129257,
    "Grade6":0.2149314433336258
}