{
    "Grade1":0.386497437953949,
    "Grade2":0.5500715970993042,
    "Grade3":-0.2268684059381485,
    "Grade4":0.0007254504598677158,
    "Grade5":0.007980383932590485,
    "Grade6":0.009761092253029346
}