{
    "Grade1":0.3364831209182739,
    "Grade2":0.15407401323318481,
    "Grade3":-0.3397109806537628,
    "Grade4":-0.23516973853111267,
    "Grade5":0.5334296822547913,
    "Grade6":0.20983214676380157
}