{
    "Inv_Length":{
        "Grade1":0.3364831209182739,
        "Grade2":0.15407401323318481,
        "Grade3":-0.3397109806537628,
        "Grade4":-0.23516973853111267,
        "Grade5":0.5334296822547913,
        "Grade6":0.20983214676380157
    },
    "Inv_Weight":{
        "Grade1":0.37616971135139465,
        "Grade2":0.21330526471138,
        "Grade3":-0.40165388584136963,
        "Grade4":-0.4804612994194031,
        "Grade5":0.46717551350593567,
        "Grade6":0.2199653834104538
    }
}