{
    "Inv_Length":{
        "Grade1":0.17866100370883942,
        "Grade2":-0.03569437935948372,
        "Grade3":0.36742767691612244,
        "Grade4":0.2192670702934265,
        "Grade5":0.12463095039129257,
        "Grade6":0.2149314433336258
    },
    "Inv_Weight":{
        "Grade1":0.08504795283079147,
        "Grade2":-0.38834914565086365,
        "Grade3":0.1328691840171814,
        "Grade4":-0.36591872572898865,
        "Grade5":0.2260165810585022,
        "Grade6":-0.18277661502361298
    }
}