{
    "Inv_Length":{
        "Grade1":0.386497437953949,
        "Grade2":0.5500715970993042,
        "Grade3":-0.2268684059381485,
        "Grade4":0.0007254504598677158,
        "Grade5":0.007980383932590485,
        "Grade6":0.009761092253029346
    },
    "Inv_Weight":{
        "Grade1":-0.17322330176830292,
        "Grade2":-0.326877623796463,
        "Grade3":-0.04971059784293175,
        "Grade4":-0.08091137558221817,
        "Grade5":-0.7336875200271606,
        "Grade6":-0.181778222322464
    }
}